                  epoch,         train/box_loss,         train/cls_loss,         train/dfl_loss,   metrics/precision(B),      metrics/recall(B),       metrics/mAP50(B),    metrics/mAP50-95(B),           val/box_loss,           val/cls_loss,           val/dfl_loss,                 lr/pg0,                 lr/pg1,                 lr/pg2
                      1,                 2.8609,                 3.7876,                 2.9235,                0.00929,                0.35455,                0.02149,                0.00492,                  3.208,                   3.54,                 3.1548,                0.00034,                0.00034,                0.00034
                      2,                  2.904,                 3.4231,                 2.9295,                0.01048,                    0.4,                0.02661,                0.00562,                 3.3066,                 3.5536,                 3.2717,              0.0005614,              0.0005614,              0.0005614
                      3,                 2.7518,                 3.5695,                 2.8155,                0.01026,                0.36364,                0.03054,                0.00764,                 2.7458,                 3.5579,                 3.1557,             0.00064024,             0.00064024,             0.00064024
                      4,                   2.67,                 3.3558,                 2.7275,                0.01028,                0.33636,                0.03008,                0.00762,                 2.7458,                 3.5579,                 3.1557,             0.00057652,             0.00057652,             0.00057652
                      5,                 2.6217,                 3.2131,                 2.7294,                 0.0141,                    0.5,                0.04009,                0.01021,                 2.6008,                 3.4937,                 3.0192,             0.00037024,             0.00037024,             0.00037024
